{
    "infer_steps": 50,
    "transformer_model_name": "480p_i2v",
    "fps": 24,
    "target_video_length": 121,
    "vae_stride": [4, 16, 16],
    "sample_shift": 5.0,
    "sample_guide_scale": 6.0,
    "enable_cfg": true,
    "attn_type": "sage_attn2",
    "feature_caching": "Mag",
    "magcache_calibration": false,
    "magcache_K": 6,
    "magcache_thresh": 0.24,
    "magcache_retention_ratio": 0.2,
    "magcache_ratios": [[1.0, 1.01562, 1.00781, 1.0, 1.0, 1.0, 1.0, 1.0, 1.0, 1.0, 1.0, 0.99609, 1.0, 0.99609, 1.0, 0.99609, 1.0, 0.99609, 0.99609, 0.99609, 0.99609, 0.99609, 0.99609, 0.99609, 0.99609, 0.99609, 0.99609, 0.99609, 0.99609, 0.99609, 0.99609, 0.99219, 0.99219, 0.99219, 0.98828, 0.98828, 0.98828, 0.98828, 0.98438, 0.98438, 0.98047, 0.98047, 0.97656, 0.97266, 0.96484, 0.95703, 0.94922, 0.92969, 0.91016, 0.88672], [1.0, 1.02344, 1.00781, 1.0, 1.0, 1.0, 1.0, 1.0, 1.0, 1.0, 1.0, 0.99609, 1.0, 0.99609, 1.0, 0.99609, 1.0, 0.99609, 0.99609, 0.99609, 0.99609, 0.99609, 0.99609, 0.99609, 0.99609, 0.99609, 0.99609, 0.99609, 0.99609, 0.99609, 0.99609, 0.99219, 0.99219, 0.99219, 0.99219, 0.98828, 0.98828, 0.98828, 0.98438, 0.98438, 0.98047, 0.98047, 0.97656, 0.97266, 0.96484, 0.95703, 0.94922, 0.93359, 0.91016, 0.88672]]
}
