{
    "infer_steps": 50,
    "target_video_length": 81,
    "text_len": 512,
    "target_height": 480,
    "target_width": 832,
    "self_attn_1_type": "flash_attn3",
    "cross_attn_1_type": "flash_attn3",
    "cross_attn_2_type": "flash_attn3",
    "sample_guide_scale": 6,
    "sample_shift": 8,
    "enable_cfg": true,
    "cpu_offload": false,
    "parallel": {
        "seq_p_size": 4,
        "seq_p_attn_type": "ulysses",
        "cfg_p_size": 2
    },
    "feature_caching": "Mag",
    "magcache_calibration": false,
    "magcache_K": 4,
    "magcache_thresh": 0.12,
    "magcache_retention_ratio": 0.2,
    "magcache_ratios": [
        [
            1.0,
            1.0124,
            1.00166,
            0.99791,
            0.99682,
            0.99634,
            0.99567,
            0.99416,
            0.99578,
            0.9957,
            0.99511,
            0.99535,
            0.99552,
            0.99541,
            0.9954,
            0.99489,
            0.99518,
            0.99484,
            0.99481,
            0.99415,
            0.99419,
            0.99396,
            0.99388,
            0.99349,
            0.99309,
            0.9927,
            0.99228,
            0.99171,
            0.99137,
            0.99068,
            0.99005,
            0.98944,
            0.98849,
            0.98758,
            0.98644,
            0.98504,
            0.9836,
            0.98202,
            0.97977,
            0.97717,
            0.9741,
            0.97003,
            0.96538,
            0.9593,
            0.95086,
            0.94013,
            0.92402,
            0.90241,
            0.86821,
            0.81838
        ],
        [
            1.0,
            1.02213,
            1.0041,
            1.00061,
            0.99762,
            0.99685,
            0.99586,
            0.99422,
            0.99575,
            0.99563,
            0.99506,
            0.99531,
            0.99549,
            0.99539,
            0.99536,
            0.99485,
            0.99514,
            0.99478,
            0.99479,
            0.99413,
            0.99416,
            0.99393,
            0.99386,
            0.99349,
            0.99304,
            0.9927,
            0.99226,
            0.9917,
            0.99135,
            0.99063,
            0.99003,
            0.98942,
            0.98849,
            0.98757,
            0.98643,
            0.98503,
            0.98359,
            0.98201,
            0.97978,
            0.97718,
            0.97411,
            0.97002,
            0.96541,
            0.95933,
            0.95089,
            0.94019,
            0.92414,
            0.9026,
            0.86868,
            0.81939
        ]
    ]
}
