{
    "infer_steps": 40,
    "target_video_length": 81,
    "target_height": 480,
    "target_width": 832,
    "self_attn_1_type": "flash_attn3",
    "cross_attn_1_type": "flash_attn3",
    "cross_attn_2_type": "flash_attn3",
    "sample_guide_scale": 5,
    "sample_shift": 5,
    "enable_cfg": true,
    "cpu_offload": false,
    "parallel": {
        "seq_p_size": 4,
        "seq_p_attn_type": "ulysses",
        "cfg_p_size": 2
    },
    "feature_caching": "Mag",
    "magcache_calibration": false,
    "magcache_K": 6,
    "magcache_thresh": 0.24,
    "magcache_retention_ratio": 0.2,
    "magcache_ratios": [
        [
            1.0,
            0.98783,
            0.97559,
            0.98311,
            0.98202,
            0.9888,
            0.98762,
            0.98957,
            0.99052,
            0.99383,
            0.98857,
            0.99065,
            0.98845,
            0.99057,
            0.98957,
            0.98601,
            0.98823,
            0.98756,
            0.98808,
            0.98721,
            0.98571,
            0.98543,
            0.98157,
            0.98411,
            0.97952,
            0.98149,
            0.9774,
            0.97825,
            0.97355,
            0.97085,
            0.97056,
            0.96588,
            0.96113,
            0.9567,
            0.94961,
            0.93973,
            0.93217,
            0.91878,
            0.90955,
            0.92617
        ],
        [
            1.0,
            0.98993,
            0.97593,
            0.98319,
            0.98225,
            0.98878,
            0.98759,
            0.98971,
            0.99043,
            0.99384,
            0.9886,
            0.99068,
            0.98847,
            0.99057,
            0.98961,
            0.9861,
            0.98823,
            0.98759,
            0.98814,
            0.98724,
            0.98572,
            0.98544,
            0.98165,
            0.98413,
            0.97953,
            0.9815,
            0.97742,
            0.97826,
            0.97361,
            0.97087,
            0.97055,
            0.96587,
            0.96124,
            0.95681,
            0.94969,
            0.93988,
            0.93224,
            0.91896,
            0.90954,
            0.92616
        ]
    ]
}
